make,model,year
Acura,Integra,1992
Acura,Legend,1992
Acura,NSX,1992
Acura,Vigor,1992
Acura,Integra,1993
Acura,Legend,1993
Acura,NSX,1993
Acura,Vigor,1993
Acura,Integra,1994
Acura,Legend,1994
Acura,NSX,1994
Acura,Vigor,1994
Acura,Integra,1995
Acura,Legend,1995
Acura,NSX,1995
Acura,TL,1995
Acura,Integra,1996
Acura,NSX,1996
Acura,RL,1996
Acura,SLX,1996
Acura,TL,1996
Acura,CL,1997
Acura,Integra,1997
Acura,NSX,1997
Acura,RL,1997
Acura,SLX,1997
Acura,TL,1997
Acura,CL,1998
Acura,Integra,1998
Acura,NSX,1998
Acura,RL,1998
Acura,SLX,1998
Acura,TL,1998
Acura,CL,1999
Acura,Integra,1999
Acura,NSX,1999
Acura,RL,1999
Acura,SLX,1999
Acura,TL,1999
Acura,Integra,2000
Acura,NSX,2000
Acura,RL,2000
Acura,TL,2000
Acura,CL,2001
Acura,Integra,2001
Acura,MDX,2001
Acura,NSX,2001
Acura,RL,2001
Acura,TL,2001
Acura,CL,2002
Acura,MDX,2002
Acura,NSX,2002
Acura,RL,2002
Acura,RSX,2002
Acura,TL,2002
Acura,CL,2003
Acura,MDX,2003
Acura,NSX,2003
Acura,RL,2003
Acura,RSX,2003
Acura,TL,2003
Acura,MDX,2004
Acura,NSX,2004
Acura,RL,2004
Acura,RSX,2004
Acura,TL,2004
Acura,TSX,2004
Acura,MDX,2005
Acura,NSX,2005
Acura,RL,2005
Acura,RSX,2005
Acura,TL,2005
Acura,TSX,2005
Acura,MDX,2006
Acura,RL,2006
Acura,RSX,2006
Acura,TL,2006
Acura,TSX,2006
Acura,MDX,2007
Acura,RDX,2007
Acura,RL,2007
Acura,TL,2007
Acura,TSX,2007
Acura,MDX,2008
Acura,RDX,2008
Acura,RL,2008
Acura,TL,2008
Acura,TSX,2008
Acura,MDX,2009
Acura,RDX,2009
Acura,RL,2009
Acura,TL,2009
Acura,TSX,2009
Acura,MDX,2010
Acura,RDX,2010
Acura,RL,2010
Acura,TL,2010
Acura,TSX,2010
Acura,ZDX,2010
Acura,MDX,2011
Acura,RDX,2011
Acura,RL,2011
Acura,TL,2011
Acura,TSX,2011
Acura,ZDX,2011
Acura,MDX,2012
Acura,RDX,2012
Acura,RL,2012
Acura,TL,2012
Acura,TSX,2012
Acura,ZDX,2012
Audi,A3,2006
Audi,A3,2007
Audi,A3,2008
Audi,A3,2009
Audi,A3,2010
Audi,A3,2011
Audi,A3,2012
Audi,A4,1996
Audi,A4,1997
Audi,A4,1998
Audi,A4,1999
Audi,A4,2000
Audi,A4,2001
Audi,A4,2002
Audi,A4,2003
Audi,A4,2004
Audi,A4,2005
Audi,A4,2006
Audi,A4,2007
Audi,A4,2008
Audi,A4,2009
Audi,A4,2010
Audi,A4,2011
Audi,A4,2012
Audi,A5,2008
Audi,A5,2009
Audi,A5,2010
Audi,A5,2011
Audi,A5,2012
Audi,A6,1995
Audi,A6,1996
Audi,A6,1997
Audi,A6,1998
Audi,A6,1999
Audi,A6,2000
Audi,A6,2001
Audi,A6,2002
Audi,A6,2003
Audi,A6,2004
Audi,A6,2005
Audi,A6,2006
Audi,A6,2007
Audi,A6,2008
Audi,A6,2009
Audi,A6,2010
Audi,A6,2011
Audi,A6,2012
Audi,A7,2012
Audi,A8,1997
Audi,A8,1998
Audi,A8,1999
Audi,A8,2000
Audi,A8,2001
Audi,A8,2002
Audi,A8,2003
Audi,A8,2004
Audi,A8,2005
Audi,A8,2006
Audi,A8,2007
Audi,A8,2008
Audi,A8,2009
Audi,A8,2010
Audi,A8,2011
Audi,A8,2012
Audi,Allroad,2001
Audi,Allroad,2002
Audi,Allroad,2003
Audi,Allroad,2004
Audi,Allroad,2005
Audi,Cabriolet,1994
Audi,Cabriolet,1995
Audi,Cabriolet,1996
Audi,Cabriolet,1997
Audi,Cabriolet,1998
Audi,Q5,2009
Audi,Q5,2010
Audi,Q5,2011
Audi,Q5,2012
Audi,Q7,2007
Audi,Q7,2008
Audi,Q7,2009
Audi,Q7,2010
Audi,Q7,2011
Audi,Q7,2012
Audi,Quattro,1992
Audi,Quattro,1993
Audi,Quattro,1994
Audi,R8,2008
Audi,R8,2009
Audi,R8,2010
Audi,R8,2011
Audi,R8,2012
Audi,RS 4,2007
Audi,RS 4,2008
Audi,RS 6,2003
Audi,RS4,2007
Audi,RS4,2008
Audi,RS6,2003
Audi,S4,1992
Audi,S4,1993
Audi,S4,1994
Audi,S4,2000
Audi,S4,2001
Audi,S4,2002
Audi,S4,2004
Audi,S4,2005
Audi,S4,2006
Audi,S4,2007
Audi,S4,2008
Audi,S4,2009
Audi,S4,2010
Audi,S4,2011
Audi,S4,2012
Audi,S4,2013
Audi,S5,2008
Audi,S5,2009
Audi,S5,2010
Audi,S5,2011
Audi,S5,2012
Audi,S6,1995
Audi,S6,2002
Audi,S6,2003
Audi,S6,2007
Audi,S6,2008
Audi,S6,2009
Audi,S6,2010
Audi,S6,2011
Audi,S8,2001
Audi,S8,2002
Audi,S8,2003
Audi,S8,2006
Audi,S8,2007
Audi,S8,2008
Audi,S8,2009
Audi,TT,2000
Audi,TT,2001
Audi,TT,2002
Audi,TT,2003
Audi,TT,2004
Audi,TT,2005
Audi,TT,2006
Audi,TT,2008
Audi,TT,2009
Audi,TT,2010
Audi,TT,2011
Audi,TT,2012
BMW,1 Series,2008
BMW,1 Series,2009
BMW,1 Series,2010
BMW,1 Series,2011
BMW,1 Series,2012
BMW,3 Series,1992
BMW,3 Series,1993
BMW,3 Series,1994
BMW,3 Series,1995
BMW,3 Series,1996
BMW,3 Series,1997
BMW,3 Series,1998
BMW,3 Series,1999
BMW,3 Series,2000
BMW,3 Series,2001
BMW,3 Series,2002
BMW,3 Series,2003
BMW,3 Series,2004
BMW,3 Series,2005
BMW,3 Series,2006
BMW,3 Series,2007
BMW,3 Series,2008
BMW,3 Series,2009
BMW,3 Series,2010
BMW,3 Series,2011
BMW,3 Series,2012
BMW,5 Series,1992
BMW,5 Series,1993
BMW,5 Series,1994
BMW,5 Series,1995
BMW,5 Series,1997
BMW,5 Series,1998
BMW,5 Series,1999
BMW,5 Series,2000
BMW,5 Series,2001
BMW,5 Series,2002
BMW,5 Series,2003
BMW,5 Series,2004
BMW,5 Series,2005
BMW,5 Series,2006
BMW,5 Series,2007
BMW,5 Series,2008
BMW,5 Series,2009
BMW,5 Series,2010
BMW,5 Series,2011
BMW,5 Series,2012
BMW,6 Series,2004
BMW,6 Series,2005
BMW,6 Series,2006
BMW,6 Series,2007
BMW,6 Series,2008
BMW,6 Series,2009
BMW,6 Series,2010
BMW,6 Series,2012
BMW,7 Series,1992
BMW,7 Series,1993
BMW,7 Series,1994
BMW,7 Series,1995
BMW,7 Series,1996
BMW,7 Series,1997
BMW,7 Series,1998
BMW,7 Series,1999
BMW,7 Series,2000
BMW,7 Series,2001
BMW,7 Series,2002
BMW,7 Series,2003
BMW,7 Series,2004
BMW,7 Series,2005
BMW,7 Series,2006
BMW,7 Series,2007
BMW,7 Series,2008
BMW,7 Series,2009
BMW,7 Series,2010
BMW,7 Series,2011
BMW,7 Series,2012
BMW,8 Series,1992
BMW,8 Series,1993
BMW,8 Series,1994
BMW,8 Series,1995
BMW,8 Series,1996
BMW,8 Series,1997
BMW,Alpina B7,2007
BMW,Alpina B7,2008
BMW,M Roadster,2006
BMW,M Roadster,2007
BMW,M Roadster,2008
BMW,M3,1995
BMW,M3,1996
BMW,M3,1997
BMW,M3,1998
BMW,M3,1999
BMW,M3,2001
BMW,M3,2002
BMW,M3,2003
BMW,M3,2004
BMW,M3,2005
BMW,M3,2006
BMW,M3,2008
BMW,M3,2009
BMW,M3,2010
BMW,M3,2011
BMW,M3,2012
BMW,M5,1992
BMW,M5,1993
BMW,M5,2000
BMW,M5,2001
BMW,M5,2002
BMW,M5,2003
BMW,M5,2006
BMW,M5,2007
BMW,M5,2008
BMW,M5,2009
BMW,M5,2010
BMW,M6,2006
BMW,M6,2007
BMW,M6,2008
BMW,M6,2009
BMW,M6,2010
BMW,X3,2004
BMW,X3,2005
BMW,X3,2006
BMW,X3,2007
BMW,X3,2008
BMW,X3,2009
BMW,X3,2010
BMW,X3,2011
BMW,X3,2012
BMW,X5,2000
BMW,X5,2001
BMW,X5,2002
BMW,X5,2003
BMW,X5,2004
BMW,X5,2005
BMW,X5,2006
BMW,X5,2007
BMW,X5,2008
BMW,X5,2009
BMW,X5,2010
BMW,X5,2011
BMW,X5,2012
BMW,X5,2013
BMW,X6,2008
BMW,X6,2009
BMW,X6,2010
BMW,X6,2011
BMW,X6,2012
BMW,X6,2013
BMW,Z3,1996
BMW,Z3,1997
BMW,Z3,1998
BMW,Z3,1999
BMW,Z3,2000
BMW,Z3,2001
BMW,Z3,2002
BMW,Z4,2003
BMW,Z4,2004
BMW,Z4,2005
BMW,Z4,2006
BMW,Z4,2008
BMW,Z4,2009
BMW,Z4,2010
BMW,Z4,2011
BMW,Z4,2012
BMW,Z8,2000
BMW,Z8,2001
BMW,Z8,2002
BMW,Z8,2003